,Yield_3M,Yield_1Y,Yield_2Y,Yield_10Y
2018-01-01,,,,
2018-01-02,1.44,1.83,1.92,2.46
2018-01-03,1.41,1.81,1.94,2.44
2018-01-04,1.41,1.82,1.96,2.46
2018-01-05,1.39,1.8,1.96,2.47
2018-01-08,1.45,1.79,1.96,2.49
2018-01-09,1.44,1.78,1.98,2.55
2018-01-10,1.42,1.78,1.98,2.55
2018-01-11,1.43,1.77,1.98,2.54
2018-01-12,1.43,1.78,1.99,2.55
2018-01-15,,,,
2018-01-16,1.45,1.79,2.03,2.54
2018-01-17,1.44,1.79,2.05,2.57
2018-01-18,1.45,1.79,2.05,2.62
2018-01-19,1.44,1.79,2.06,2.64
2018-01-22,1.44,1.79,2.08,2.66
2018-01-23,1.44,1.78,2.06,2.63
2018-01-24,1.43,1.79,2.08,2.65
2018-01-25,1.42,1.8,2.08,2.63
2018-01-26,1.41,1.8,2.13,2.66
2018-01-29,1.44,1.8,2.11,2.7
2018-01-30,1.44,1.88,2.13,2.73
2018-01-31,1.46,1.9,2.14,2.72
2018-02-01,1.48,1.89,2.16,2.78
2018-02-02,1.48,1.88,2.15,2.84
2018-02-05,1.51,1.85,2.08,2.77
2018-02-06,1.52,1.87,2.1,2.79
2018-02-07,1.55,1.91,2.15,2.84
2018-02-08,1.55,1.91,2.13,2.85
2018-02-09,1.55,1.89,2.05,2.83
2018-02-12,1.62,1.93,2.09,2.86
2018-02-13,1.59,1.95,2.1,2.83
2018-02-14,1.58,1.98,2.17,2.91
2018-02-15,1.58,1.99,2.19,2.9
2018-02-16,1.62,2.0,2.21,2.87
2018-02-19,,,,
2018-02-20,1.66,2.01,2.25,2.88
2018-02-21,1.64,2.03,2.26,2.94
2018-02-22,1.63,2.02,2.25,2.92
2018-02-23,1.64,2.02,2.25,2.88
2018-02-26,1.66,2.03,2.22,2.86
2018-02-27,1.66,2.08,2.27,2.9
2018-02-28,1.65,2.07,2.25,2.87
2018-03-01,1.63,2.05,2.22,2.81
2018-03-02,1.65,2.06,2.25,2.86
2018-03-05,1.7,2.06,2.24,2.88
2018-03-06,1.68,2.06,2.25,2.88
2018-03-07,1.68,2.05,2.25,2.89
2018-03-08,1.67,2.05,2.25,2.86
2018-03-09,1.67,2.03,2.27,2.9
2018-03-12,1.71,2.05,2.27,2.87
2018-03-13,1.73,2.03,2.26,2.84
2018-03-14,1.76,2.05,2.26,2.81
2018-03-15,1.77,2.07,2.29,2.82
2018-03-16,1.78,2.08,2.31,2.85
2018-03-19,1.8,2.08,2.31,2.85
2018-03-20,1.81,2.08,2.34,2.89
2018-03-21,1.74,2.06,2.31,2.89
2018-03-22,1.72,2.05,2.29,2.83
2018-03-23,1.74,2.04,2.28,2.82
2018-03-26,1.79,2.06,2.33,2.85
2018-03-27,1.77,2.1,2.26,2.78
2018-03-28,1.73,2.12,2.28,2.77
2018-03-29,1.73,2.09,2.27,2.74
2018-03-30,,,,
2018-04-02,1.77,2.08,2.25,2.73
2018-04-03,1.75,2.09,2.28,2.79
2018-04-04,1.71,2.07,2.28,2.79
2018-04-05,1.72,2.07,2.3,2.83
2018-04-06,1.73,2.06,2.27,2.77
2018-04-09,1.76,2.08,2.29,2.78
2018-04-10,1.74,2.09,2.32,2.8
2018-04-11,1.73,2.09,2.32,2.79
2018-04-12,1.75,2.11,2.34,2.83
2018-04-13,1.76,2.12,2.37,2.82
2018-04-16,1.79,2.12,2.39,2.83
2018-04-17,1.8,2.16,2.41,2.82
2018-04-18,1.81,2.17,2.42,2.87
2018-04-19,1.82,2.21,2.44,2.92
2018-04-20,1.81,2.22,2.46,2.96
2018-04-23,1.87,2.25,2.49,2.98
2018-04-24,1.87,2.25,2.48,3.0
2018-04-25,1.85,2.26,2.49,3.03
2018-04-26,1.82,2.25,2.49,3.0
2018-04-27,1.82,2.24,2.49,2.96
2018-04-30,1.87,2.24,2.49,2.95
2018-05-01,1.85,2.26,2.5,2.97
2018-05-02,1.84,2.24,2.49,2.97
2018-05-03,1.84,2.24,2.49,2.94
2018-05-04,1.84,2.24,2.51,2.95
2018-05-07,1.86,2.25,2.49,2.95
2018-05-08,1.87,2.26,2.51,2.97
2018-05-09,1.88,2.27,2.54,3.0
2018-05-10,1.9,2.27,2.54,2.97
2018-05-11,1.92,2.28,2.54,2.97
2018-05-14,1.93,2.28,2.55,3.0
2018-05-15,1.92,2.31,2.58,3.08
2018-05-16,1.92,2.32,2.58,3.09
2018-05-17,1.92,2.32,2.57,3.11
2018-05-18,1.91,2.32,2.55,3.06
2018-05-21,1.93,2.35,2.58,3.06
2018-05-22,1.93,2.34,2.59,3.06
2018-05-23,1.92,2.29,2.53,3.01
2018-05-24,1.91,2.28,2.5,2.98
2018-05-25,1.9,2.27,2.48,2.93
2018-05-28,,,,
2018-05-29,1.93,2.17,2.32,2.77
2018-05-30,1.94,2.23,2.42,2.84
2018-05-31,1.93,2.23,2.4,2.83
2018-06-01,1.92,2.28,2.47,2.89
2018-06-04,1.94,2.3,2.52,2.94
2018-06-05,1.94,2.32,2.49,2.92
2018-06-06,1.95,2.32,2.52,2.97
2018-06-07,1.94,2.31,2.5,2.93
2018-06-08,1.93,2.3,2.5,2.93
2018-06-11,1.94,2.32,2.52,2.96
2018-06-12,1.92,2.31,2.54,2.96
2018-06-13,1.94,2.35,2.59,2.98
2018-06-14,1.94,2.35,2.59,2.94
2018-06-15,1.94,2.35,2.55,2.93
2018-06-18,1.94,2.35,2.56,2.92
2018-06-19,1.94,2.34,2.54,2.89
2018-06-20,1.94,2.36,2.56,2.93
2018-06-21,1.94,2.34,2.56,2.9
2018-06-22,1.93,2.33,2.56,2.9
2018-06-25,1.93,2.34,2.54,2.87
2018-06-26,1.93,2.33,2.53,2.88
2018-06-27,1.93,2.33,2.52,2.83
2018-06-28,1.93,2.33,2.52,2.84
2018-06-29,1.93,2.33,2.52,2.85
2018-07-02,1.98,2.34,2.57,2.87
2018-07-03,1.98,2.33,2.53,2.83
2018-07-04,,,,
2018-07-05,1.96,2.32,2.55,2.84
2018-07-06,1.97,2.34,2.53,2.82
2018-07-09,1.98,2.34,2.57,2.86
2018-07-10,1.99,2.36,2.59,2.87
2018-07-11,1.97,2.36,2.58,2.85
2018-07-12,1.98,2.39,2.6,2.85
2018-07-13,1.98,2.37,2.59,2.83
2018-07-16,2.01,2.39,2.59,2.85
2018-07-17,2.02,2.39,2.62,2.86
2018-07-18,2.0,2.43,2.6,2.88
2018-07-19,2.0,2.4,2.6,2.84
2018-07-20,1.99,2.41,2.6,2.89
2018-07-23,1.99,2.42,2.64,2.96
2018-07-24,2.02,2.42,2.63,2.95
2018-07-25,2.01,2.42,2.66,2.94
2018-07-26,1.99,2.41,2.69,2.98
2018-07-27,2.0,2.43,2.67,2.96
2018-07-30,2.04,2.43,2.66,2.98
2018-07-31,2.03,2.44,2.67,2.96
2018-08-01,2.03,2.45,2.67,3.0
2018-08-02,2.02,2.45,2.66,2.98
2018-08-03,2.01,2.43,2.63,2.95
2018-08-06,2.05,2.44,2.64,2.94
2018-08-07,2.06,2.45,2.68,2.98
2018-08-08,2.06,2.44,2.68,2.96
2018-08-09,2.06,2.44,2.64,2.93
2018-08-10,2.05,2.42,2.61,2.87
2018-08-13,2.06,2.42,2.61,2.88
2018-08-14,2.08,2.44,2.63,2.89
2018-08-15,2.07,2.45,2.61,2.86
2018-08-16,2.07,2.45,2.63,2.87
2018-08-17,2.05,2.44,2.61,2.87
2018-08-20,2.06,2.43,2.6,2.82
2018-08-21,2.08,2.45,2.61,2.85
2018-08-22,2.09,2.43,2.6,2.82
2018-08-23,2.08,2.43,2.61,2.82
2018-08-24,2.09,2.44,2.63,2.82
2018-08-27,2.12,2.47,2.67,2.85
2018-08-28,2.13,2.47,2.67,2.88
2018-08-29,2.13,2.48,2.67,2.89
2018-08-30,2.11,2.47,2.64,2.86
2018-08-31,2.11,2.46,2.62,2.86
2018-09-03,,,,
2018-09-04,2.13,2.49,2.66,2.9
2018-09-05,2.14,2.49,2.66,2.9
2018-09-06,2.13,2.5,2.64,2.88
2018-09-07,2.14,2.53,2.71,2.94
2018-09-10,2.14,2.54,2.73,2.94
2018-09-11,2.15,2.55,2.76,2.98
2018-09-12,2.16,2.56,2.74,2.97
2018-09-13,2.15,2.55,2.76,2.97
2018-09-14,2.16,2.56,2.78,2.99
2018-09-17,2.16,2.57,2.78,2.99
2018-09-18,2.17,2.58,2.81,3.05
2018-09-19,2.16,2.58,2.81,3.08
2018-09-20,2.17,2.58,2.81,3.07
2018-09-21,2.18,2.58,2.81,3.07
2018-09-24,2.22,2.6,2.83,3.08
2018-09-25,2.21,2.59,2.83,3.1
2018-09-26,2.2,2.58,2.83,3.06
2018-09-27,2.18,2.58,2.83,3.06
2018-09-28,2.19,2.59,2.81,3.05
2018-10-01,2.23,2.6,2.82,3.09
2018-10-02,2.23,2.61,2.82,3.05
2018-10-03,2.23,2.62,2.85,3.15
2018-10-04,2.22,2.63,2.87,3.19
2018-10-05,2.23,2.64,2.88,3.23
2018-10-08,,,,
2018-10-09,2.25,2.65,2.88,3.21
2018-10-10,2.27,2.67,2.88,3.22
2018-10-11,2.27,2.66,2.85,3.14
2018-10-12,2.28,2.66,2.85,3.15
2018-10-15,2.31,2.67,2.85,3.16
2018-10-16,2.3,2.66,2.87,3.16
2018-10-17,2.31,2.66,2.89,3.19
2018-10-18,2.32,2.67,2.87,3.17
2018-10-19,2.31,2.67,2.92,3.2
2018-10-22,2.34,2.68,2.92,3.2
2018-10-23,2.33,2.67,2.89,3.17
2018-10-24,2.34,2.64,2.84,3.1
2018-10-25,2.34,2.66,2.86,3.14
2018-10-26,2.33,2.63,2.81,3.08
2018-10-29,2.34,2.64,2.81,3.08
2018-10-30,2.33,2.66,2.84,3.12
2018-10-31,2.34,2.69,2.87,3.15
2018-11-01,2.32,2.67,2.84,3.14
2018-11-02,2.33,2.7,2.91,3.22
2018-11-05,2.36,2.71,2.91,3.2
2018-11-06,2.35,2.72,2.93,3.22
2018-11-07,2.37,2.74,2.96,3.22
2018-11-08,2.35,2.74,2.98,3.24
2018-11-09,2.36,2.73,2.94,3.19
2018-11-12,,,,
2018-11-13,2.38,2.72,2.89,3.14
2018-11-14,2.38,2.71,2.86,3.12
2018-11-15,2.37,2.7,2.86,3.11
2018-11-16,2.36,2.68,2.81,3.08
2018-11-19,2.38,2.66,2.79,3.06
2018-11-20,2.39,2.67,2.79,3.06
2018-11-21,2.41,2.67,2.81,3.06
2018-11-22,,,,
2018-11-23,2.41,2.67,2.81,3.05
2018-11-26,2.41,2.7,2.84,3.07
2018-11-27,2.41,2.7,2.83,3.06
2018-11-28,2.4,2.69,2.81,3.06
2018-11-29,2.37,2.69,2.81,3.03
2018-11-30,2.37,2.7,2.8,3.01
2018-12-03,2.38,2.72,2.83,2.98
2018-12-04,2.42,2.71,2.8,2.91
2018-12-05,,,,
2018-12-06,2.41,2.7,2.75,2.87
2018-12-07,2.4,2.68,2.72,2.85
2018-12-10,2.41,2.69,2.72,2.85
2018-12-11,2.41,2.7,2.78,2.89
2018-12-12,2.43,2.7,2.77,2.91
2018-12-13,2.43,2.69,2.75,2.91
2018-12-14,2.42,2.68,2.73,2.89
2018-12-17,2.4,2.66,2.7,2.86
2018-12-18,2.39,2.64,2.65,2.82
2018-12-19,2.4,2.62,2.63,2.77
2018-12-20,2.39,2.64,2.67,2.79
2018-12-21,2.39,2.62,2.63,2.79
2018-12-24,2.45,2.61,2.55,2.74
2018-12-25,,,,
2018-12-26,2.44,2.61,2.61,2.81
2018-12-27,2.41,2.58,2.56,2.77
2018-12-28,2.4,2.57,2.52,2.72
2018-12-31,2.45,2.63,2.48,2.69
2019-01-01,,,,
2019-01-02,2.42,2.6,2.5,2.66
2019-01-03,2.41,2.5,2.39,2.56
2019-01-04,2.42,2.57,2.5,2.67
2019-01-07,2.45,2.58,2.53,2.7
2019-01-08,2.46,2.6,2.58,2.73
2019-01-09,2.45,2.59,2.56,2.74
2019-01-10,2.43,2.59,2.56,2.74
2019-01-11,2.43,2.58,2.55,2.71
2019-01-14,2.45,2.57,2.53,2.71
2019-01-15,2.45,2.57,2.53,2.72
2019-01-16,2.43,2.57,2.55,2.73
2019-01-17,2.42,2.57,2.56,2.75
2019-01-18,2.41,2.6,2.62,2.79
2019-01-21,,,,
2019-01-22,2.43,2.59,2.58,2.74
2019-01-23,2.41,2.59,2.58,2.76
2019-01-24,2.37,2.58,2.56,2.72
2019-01-25,2.39,2.6,2.6,2.76
2019-01-28,2.42,2.6,2.6,2.75
2019-01-29,2.42,2.6,2.56,2.72
2019-01-30,2.42,2.57,2.52,2.7
2019-01-31,2.41,2.55,2.45,2.63
2019-02-01,2.4,2.56,2.52,2.7
2019-02-04,2.42,2.57,2.53,2.73
2019-02-05,2.42,2.56,2.53,2.71
2019-02-06,2.42,2.56,2.52,2.7
2019-02-07,2.42,2.55,2.48,2.65
2019-02-08,2.43,2.54,2.45,2.63
2019-02-11,2.45,2.55,2.48,2.65
2019-02-12,2.43,2.55,2.5,2.68
2019-02-13,2.44,2.55,2.53,2.71
2019-02-14,2.43,2.53,2.5,2.66
2019-02-15,2.43,2.55,2.52,2.66
2019-02-18,,,,
2019-02-19,2.45,2.54,2.5,2.65
2019-02-20,2.45,2.54,2.5,2.65
2019-02-21,2.45,2.55,2.53,2.69
2019-02-22,2.46,2.55,2.48,2.65
2019-02-25,2.47,2.56,2.51,2.67
2019-02-26,2.45,2.55,2.48,2.64
2019-02-27,2.45,2.54,2.5,2.69
2019-02-28,2.45,2.54,2.52,2.73
2019-03-01,2.44,2.55,2.55,2.76
2019-03-04,2.46,2.54,2.55,2.72
2019-03-05,2.46,2.54,2.55,2.72
2019-03-06,2.47,2.54,2.52,2.69
2019-03-07,2.45,2.52,2.47,2.64
2019-03-08,2.46,2.53,2.45,2.62
2019-03-11,2.46,2.53,2.47,2.64
2019-03-12,2.46,2.52,2.45,2.61
2019-03-13,2.45,2.53,2.45,2.61
2019-03-14,2.45,2.52,2.46,2.63
2019-03-15,2.45,2.52,2.43,2.59
2019-03-18,2.44,2.52,2.45,2.6
2019-03-19,2.46,2.5,2.46,2.61
2019-03-20,2.48,2.47,2.4,2.54
2019-03-21,2.49,2.48,2.41,2.54
2019-03-22,2.46,2.45,2.31,2.44
2019-03-25,2.46,2.41,2.26,2.43
2019-03-26,2.46,2.44,2.24,2.41
2019-03-27,2.44,2.4,2.22,2.39
2019-03-28,2.43,2.4,2.23,2.39
2019-03-29,2.4,2.4,2.27,2.41
2019-04-01,2.43,2.41,2.33,2.49
2019-04-02,2.42,2.41,2.3,2.48
2019-04-03,2.44,2.41,2.33,2.52
2019-04-04,2.44,2.41,2.33,2.51
2019-04-05,2.44,2.43,2.35,2.5
2019-04-08,2.43,2.43,2.36,2.52
2019-04-09,2.42,2.42,2.35,2.51
2019-04-10,2.43,2.41,2.31,2.48
2019-04-11,2.43,2.44,2.35,2.51
2019-04-12,2.44,2.44,2.4,2.56
2019-04-15,2.43,2.43,2.4,2.55
2019-04-16,2.43,2.45,2.41,2.6
2019-04-17,2.44,2.44,2.4,2.59
2019-04-18,2.42,2.44,2.38,2.57
2019-04-19,,,,
2019-04-22,2.44,2.46,2.38,2.59
2019-04-23,2.45,2.43,2.36,2.57
2019-04-24,2.44,2.42,2.32,2.53
2019-04-25,2.43,2.42,2.33,2.54
2019-04-26,2.42,2.41,2.28,2.51
2019-04-29,2.44,2.42,2.3,2.54
2019-04-30,2.43,2.39,2.27,2.51
2019-05-01,2.43,2.39,2.31,2.52
2019-05-02,2.47,2.41,2.35,2.55
2019-05-03,2.43,2.41,2.33,2.54
2019-05-06,2.44,2.39,2.31,2.51
2019-05-07,2.43,2.37,2.28,2.45
2019-05-08,2.43,2.37,2.3,2.49
2019-05-09,2.43,2.36,2.26,2.45
2019-05-10,2.43,2.36,2.26,2.47
2019-05-13,2.41,2.32,2.18,2.4
2019-05-14,2.41,2.32,2.2,2.42
2019-05-15,2.42,2.3,2.16,2.37
2019-05-16,2.4,2.33,2.2,2.4
2019-05-17,2.39,2.33,2.2,2.39
2019-05-20,2.39,2.34,2.21,2.41
2019-05-21,2.39,2.36,2.26,2.43
2019-05-22,2.38,2.37,2.23,2.39
2019-05-23,2.37,2.32,2.12,2.31
2019-05-24,2.35,2.33,2.16,2.32
2019-05-27,,,,
2019-05-28,2.37,2.31,2.12,2.26
2019-05-29,2.37,2.3,2.09,2.25
2019-05-30,2.38,2.29,2.06,2.22
2019-05-31,2.35,2.21,1.95,2.14
2019-06-03,2.35,2.11,1.82,2.07
2019-06-04,2.35,2.11,1.88,2.12
2019-06-05,2.35,2.04,1.83,2.12
2019-06-06,2.33,2.02,1.88,2.12
2019-06-07,2.28,1.97,1.85,2.09
2019-06-10,2.29,2.03,1.9,2.15
2019-06-11,2.27,2.05,1.93,2.15
2019-06-12,2.24,2.02,1.88,2.13
2019-06-13,2.19,2.0,1.83,2.1
2019-06-14,2.2,2.0,1.84,2.09
2019-06-17,2.23,2.03,1.86,2.09
2019-06-18,2.22,2.04,1.86,2.06
2019-06-19,2.18,1.96,1.74,2.03
2019-06-20,2.14,1.91,1.72,2.01
2019-06-21,2.11,1.95,1.77,2.07
2019-06-24,2.13,1.92,1.72,2.02
2019-06-25,2.12,1.93,1.71,2.0
2019-06-26,2.15,1.96,1.77,2.05
2019-06-27,2.14,1.93,1.74,2.01
2019-06-28,2.12,1.92,1.75,2.0
2019-07-01,2.21,1.94,1.78,2.03
2019-07-02,2.2,1.91,1.77,1.98
2019-07-03,2.21,1.91,1.77,1.96
2019-07-04,,,,
2019-07-05,2.23,1.98,1.87,2.04
2019-07-08,2.26,1.99,1.88,2.05
2019-07-09,2.26,2.0,1.92,2.07
2019-07-10,2.2,1.93,1.82,2.07
2019-07-11,2.17,1.97,1.85,2.13
2019-07-12,2.14,1.96,1.84,2.12
2019-07-15,2.16,1.95,1.83,2.09
2019-07-16,2.15,2.0,1.87,2.13
2019-07-17,2.14,1.95,1.83,2.06
2019-07-18,2.05,1.9,1.77,2.04
2019-07-19,2.06,1.94,1.8,2.05
2019-07-22,2.09,1.95,1.8,2.05
2019-07-23,2.06,1.97,1.83,2.08
2019-07-24,2.1,1.98,1.83,2.05
2019-07-25,2.1,1.99,1.86,2.08
2019-07-26,2.12,2.0,1.86,2.08
2019-07-29,2.12,1.98,1.85,2.06
2019-07-30,2.08,1.97,1.85,2.06
2019-07-31,2.08,2.0,1.89,2.02
2019-08-01,2.07,1.88,1.73,1.9
2019-08-02,2.06,1.85,1.72,1.86
2019-08-05,2.05,1.78,1.59,1.75
2019-08-06,2.05,1.8,1.6,1.73
2019-08-07,2.02,1.75,1.59,1.71
2019-08-08,2.02,1.79,1.62,1.72
2019-08-09,2.0,1.78,1.63,1.74
2019-08-12,2.0,1.75,1.58,1.65
2019-08-13,2.0,1.86,1.66,1.68
2019-08-14,1.96,1.79,1.58,1.59
2019-08-15,1.91,1.72,1.48,1.52
2019-08-16,1.87,1.71,1.48,1.55
2019-08-19,1.94,1.75,1.53,1.6
2019-08-20,1.94,1.72,1.5,1.55
2019-08-21,1.97,1.77,1.56,1.59
2019-08-22,2.0,1.79,1.61,1.62
2019-08-23,1.97,1.73,1.51,1.52
2019-08-26,2.01,1.75,1.54,1.54
2019-08-27,1.98,1.77,1.53,1.49
2019-08-28,1.99,1.74,1.5,1.47
2019-08-29,1.99,1.75,1.53,1.5
2019-08-30,1.99,1.76,1.5,1.5
2019-09-02,,,,
2019-09-03,1.98,1.72,1.47,1.47
2019-09-04,1.97,1.69,1.43,1.47
2019-09-05,1.97,1.73,1.55,1.57
2019-09-06,1.96,1.73,1.53,1.55
2019-09-09,1.96,1.74,1.58,1.63
2019-09-10,1.95,1.81,1.67,1.72
2019-09-11,1.96,1.79,1.68,1.75
2019-09-12,1.95,1.82,1.72,1.79
2019-09-13,1.96,1.88,1.79,1.9
2019-09-16,1.99,1.86,1.74,1.84
2019-09-17,1.99,1.87,1.72,1.81
2019-09-18,1.95,1.87,1.77,1.8
2019-09-19,1.93,1.88,1.74,1.79
2019-09-20,1.91,1.84,1.69,1.74
2019-09-23,1.94,1.81,1.68,1.72
2019-09-24,1.92,1.78,1.6,1.64
2019-09-25,1.89,1.82,1.68,1.73
2019-09-26,1.83,1.79,1.66,1.7
2019-09-27,1.8,1.74,1.63,1.69
2019-09-30,1.88,1.75,1.63,1.68
2019-10-01,1.82,1.73,1.56,1.65
2019-10-02,1.79,1.67,1.48,1.6
2019-10-03,1.7,1.58,1.39,1.54
2019-10-04,1.71,1.58,1.4,1.52
2019-10-07,1.75,1.64,1.46,1.56
2019-10-08,1.72,1.62,1.42,1.54
2019-10-09,1.69,1.59,1.47,1.59
2019-10-10,1.68,1.63,1.53,1.67
2019-10-11,1.68,1.67,1.63,1.76
2019-10-14,,,,
2019-10-15,1.67,1.65,1.61,1.77
2019-10-16,1.66,1.59,1.58,1.75
2019-10-17,1.66,1.59,1.6,1.76
2019-10-18,1.66,1.58,1.58,1.76
2019-10-21,1.67,1.59,1.62,1.8
2019-10-22,1.65,1.59,1.6,1.78
2019-10-23,1.65,1.58,1.58,1.77
2019-10-24,1.67,1.59,1.58,1.77
2019-10-25,1.66,1.6,1.63,1.8
2019-10-28,1.65,1.6,1.64,1.85
2019-10-29,1.63,1.59,1.64,1.84
2019-10-30,1.62,1.59,1.61,1.78
2019-10-31,1.54,1.53,1.52,1.69
2019-11-01,1.52,1.53,1.56,1.73
2019-11-04,1.53,1.56,1.6,1.79
2019-11-05,1.56,1.62,1.63,1.86
2019-11-06,1.56,1.58,1.61,1.81
2019-11-07,1.56,1.58,1.68,1.92
2019-11-08,1.55,1.58,1.68,1.94
2019-11-11,,,,
2019-11-12,1.59,1.58,1.66,1.92
2019-11-13,1.57,1.57,1.63,1.88
2019-11-14,1.57,1.55,1.58,1.82
2019-11-15,1.57,1.54,1.61,1.84
2019-11-18,1.57,1.54,1.6,1.81
2019-11-19,1.57,1.54,1.6,1.79
2019-11-20,1.57,1.54,1.56,1.73
2019-11-21,1.58,1.55,1.6,1.77
2019-11-22,1.58,1.56,1.61,1.77
2019-11-25,1.61,1.58,1.61,1.76
2019-11-26,1.6,1.59,1.58,1.74
2019-11-27,1.62,1.6,1.63,1.77
2019-11-28,,,,
2019-11-29,1.59,1.6,1.61,1.78
2019-12-02,1.6,1.6,1.61,1.83
2019-12-03,1.57,1.57,1.53,1.72
2019-12-04,1.55,1.56,1.58,1.77
2019-12-05,1.54,1.56,1.58,1.8
2019-12-06,1.53,1.57,1.61,1.84
2019-12-09,1.54,1.56,1.63,1.83
2019-12-10,1.56,1.56,1.65,1.85
2019-12-11,1.57,1.55,1.61,1.79
2019-12-12,1.56,1.55,1.66,1.9
2019-12-13,1.57,1.54,1.61,1.82
2019-12-16,1.57,1.54,1.65,1.89
2019-12-17,1.56,1.53,1.63,1.89
2019-12-18,1.56,1.54,1.63,1.92
2019-12-19,1.57,1.52,1.62,1.92
2019-12-20,1.58,1.52,1.63,1.92
2019-12-23,1.59,1.53,1.64,1.93
2019-12-24,1.58,1.53,1.62,1.9
2019-12-25,,,,
2019-12-26,1.58,1.53,1.64,1.9
2019-12-27,1.57,1.51,1.59,1.88
2019-12-30,1.57,1.57,1.58,1.9
2019-12-31,1.55,1.59,1.58,1.92
2020-01-01,,,,
2020-01-02,1.54,1.56,1.58,1.88
2020-01-03,1.52,1.55,1.53,1.8
2020-01-06,1.56,1.54,1.54,1.81
2020-01-07,1.54,1.53,1.54,1.83
2020-01-08,1.54,1.55,1.58,1.87
2020-01-09,1.54,1.54,1.58,1.85
2020-01-10,1.54,1.53,1.56,1.83
2020-01-13,1.57,1.53,1.58,1.85
2020-01-14,1.57,1.53,1.58,1.82
2020-01-15,1.57,1.54,1.56,1.79
2020-01-16,1.55,1.54,1.58,1.81
2020-01-17,1.56,1.56,1.58,1.84
2020-01-20,,,,
2020-01-21,1.56,1.54,1.53,1.78
2020-01-22,1.55,1.55,1.53,1.77
2020-01-23,1.55,1.55,1.51,1.74
2020-01-24,1.54,1.55,1.49,1.7
2020-01-27,1.55,1.53,1.44,1.61
2020-01-28,1.57,1.53,1.45,1.65
2020-01-29,1.56,1.51,1.42,1.6
2020-01-30,1.57,1.48,1.41,1.57
2020-01-31,1.55,1.45,1.33,1.51
2020-02-03,1.57,1.46,1.36,1.54
2020-02-04,1.57,1.48,1.41,1.61
2020-02-05,1.57,1.49,1.44,1.66
2020-02-06,1.57,1.51,1.44,1.65
2020-02-07,1.56,1.49,1.41,1.59
2020-02-10,1.58,1.45,1.37,1.56
2020-02-11,1.57,1.48,1.41,1.59
2020-02-12,1.58,1.49,1.44,1.62
2020-02-13,1.59,1.48,1.44,1.61
2020-02-14,1.58,1.49,1.42,1.59
2020-02-17,,,,
2020-02-18,1.58,1.47,1.41,1.55
2020-02-19,1.58,1.47,1.42,1.56
2020-02-20,1.58,1.46,1.39,1.52
2020-02-21,1.56,1.43,1.34,1.46
2020-02-24,1.53,1.35,1.26,1.38
2020-02-25,1.53,1.3,1.2,1.33
2020-02-26,1.53,1.26,1.16,1.33
2020-02-27,1.45,1.18,1.11,1.3
2020-02-28,1.27,0.97,0.86,1.13
2020-03-02,1.13,0.89,0.84,1.1
2020-03-03,0.95,0.73,0.71,1.02
2020-03-04,0.72,0.59,0.67,1.02
2020-03-05,0.62,0.48,0.59,0.92
2020-03-06,0.45,0.39,0.49,0.74
2020-03-09,0.33,0.31,0.38,0.54
2020-03-10,0.44,0.43,0.5,0.76
2020-03-11,0.42,0.4,0.5,0.82
2020-03-12,0.33,0.39,0.5,0.88
2020-03-13,0.28,0.38,0.49,0.94
2020-03-16,0.24,0.29,0.36,0.73
2020-03-17,0.19,0.3,0.47,1.02
2020-03-18,0.02,0.21,0.54,1.18
2020-03-19,0.04,0.2,0.44,1.12
2020-03-20,0.05,0.15,0.37,0.92
2020-03-23,0.02,0.17,0.28,0.76
2020-03-24,0.01,0.25,0.38,0.84
2020-03-25,0.0,0.19,0.34,0.88
2020-03-26,0.0,0.13,0.3,0.83
2020-03-27,0.03,0.11,0.25,0.72
2020-03-30,0.12,0.14,0.23,0.7
2020-03-31,0.11,0.17,0.23,0.7
2020-04-01,0.09,0.16,0.23,0.62
2020-04-02,0.09,0.14,0.23,0.63
2020-04-03,0.1,0.15,0.23,0.62
2020-04-06,0.15,0.2,0.27,0.67
2020-04-07,0.14,0.2,0.28,0.75
2020-04-08,0.22,0.23,0.27,0.77
2020-04-09,0.25,0.25,0.23,0.73
2020-04-10,,,,
2020-04-13,0.26,0.27,0.25,0.76
2020-04-14,0.2,0.25,0.23,0.76
2020-04-15,0.14,0.19,0.2,0.63
2020-04-16,0.14,0.17,0.2,0.61
2020-04-17,0.12,0.16,0.2,0.65
2020-04-20,0.12,0.15,0.2,0.63
2020-04-21,0.11,0.17,0.2,0.58
2020-04-22,0.12,0.16,0.22,0.63
2020-04-23,0.11,0.17,0.22,0.61
2020-04-24,0.12,0.18,0.22,0.6
2020-04-27,0.12,0.17,0.24,0.67
2020-04-28,0.11,0.16,0.2,0.62
2020-04-29,0.1,0.18,0.2,0.63
2020-04-30,0.09,0.16,0.2,0.64
2020-05-01,0.12,0.17,0.2,0.64
2020-05-04,0.13,0.16,0.19,0.64
2020-05-05,0.13,0.16,0.19,0.66
2020-05-06,0.12,0.16,0.17,0.72
2020-05-07,0.11,0.15,0.13,0.63
2020-05-08,0.12,0.15,0.16,0.69
2020-05-11,0.12,0.16,0.17,0.73
2020-05-12,0.13,0.16,0.17,0.69
2020-05-13,0.13,0.15,0.16,0.64
2020-05-14,0.12,0.15,0.16,0.63
2020-05-15,0.12,0.15,0.16,0.64
2020-05-18,0.13,0.17,0.18,0.73
2020-05-19,0.13,0.16,0.17,0.7
2020-05-20,0.12,0.16,0.16,0.68
2020-05-21,0.12,0.16,0.17,0.68
2020-05-22,0.12,0.17,0.17,0.66
2020-05-25,,,,
2020-05-26,0.14,0.17,0.18,0.69
2020-05-27,0.15,0.18,0.19,0.68
2020-05-28,0.15,0.17,0.17,0.7
2020-05-29,0.14,0.17,0.16,0.65
2020-06-01,0.14,0.17,0.14,0.66
2020-06-02,0.15,0.17,0.17,0.68
2020-06-03,0.16,0.17,0.19,0.77
2020-06-04,0.15,0.17,0.19,0.82
2020-06-05,0.15,0.18,0.22,0.91
2020-06-08,0.17,0.19,0.22,0.88
2020-06-09,0.19,0.19,0.2,0.84
2020-06-10,0.17,0.18,0.17,0.75
2020-06-11,0.17,0.19,0.19,0.66
2020-06-12,0.16,0.18,0.19,0.71
2020-06-15,0.18,0.17,0.19,0.71
2020-06-16,0.17,0.18,0.21,0.75
2020-06-17,0.17,0.19,0.19,0.74
2020-06-18,0.16,0.19,0.19,0.71
2020-06-19,0.15,0.18,0.19,0.7
2020-06-22,0.16,0.17,0.19,0.71
2020-06-23,0.16,0.18,0.18,0.72
2020-06-24,0.15,0.17,0.19,0.69
2020-06-25,0.16,0.17,0.17,0.68
2020-06-26,0.14,0.17,0.17,0.64
2020-06-29,0.14,0.16,0.16,0.64
2020-06-30,0.16,0.16,0.16,0.66
2020-07-01,0.14,0.16,0.17,0.69
2020-07-02,0.14,0.16,0.16,0.68
2020-07-03,,,,
2020-07-06,0.15,0.16,0.16,0.69
2020-07-07,0.15,0.15,0.16,0.65
2020-07-08,0.15,0.15,0.16,0.67
2020-07-09,0.13,0.15,0.16,0.62
2020-07-10,0.13,0.15,0.16,0.65
2020-07-13,0.14,0.16,0.16,0.64
2020-07-14,0.15,0.17,0.14,0.63
2020-07-15,0.16,0.15,0.16,0.64
2020-07-16,0.11,0.14,0.16,0.62
2020-07-17,0.11,0.14,0.14,0.64
2020-07-20,0.13,0.14,0.16,0.62
2020-07-21,0.13,0.15,0.14,0.61
2020-07-22,0.13,0.14,0.14,0.6
2020-07-23,0.12,0.14,0.16,0.59
2020-07-24,0.11,0.16,0.14,0.59
2020-07-27,0.11,0.14,0.15,0.62
2020-07-28,0.11,0.14,0.14,0.59
2020-07-29,0.11,0.13,0.12,0.58
2020-07-30,0.09,0.11,0.11,0.55
2020-07-31,0.09,0.11,0.11,0.55
2020-08-03,0.1,0.12,0.11,0.56
2020-08-04,0.09,0.14,0.11,0.52
2020-08-05,0.1,0.12,0.11,0.55
2020-08-06,0.1,0.14,0.11,0.55
2020-08-07,0.1,0.14,0.13,0.57
2020-08-10,0.11,0.13,0.14,0.59
2020-08-11,0.11,0.15,0.16,0.64
2020-08-12,0.11,0.13,0.16,0.69
2020-08-13,0.1,0.14,0.16,0.71
2020-08-14,0.1,0.13,0.14,0.71
2020-08-17,0.1,0.13,0.14,0.69
2020-08-18,0.09,0.13,0.14,0.67
2020-08-19,0.11,0.13,0.14,0.68
2020-08-20,0.11,0.12,0.13,0.65
2020-08-21,0.1,0.13,0.16,0.64
2020-08-24,0.12,0.14,0.14,0.65
2020-08-25,0.11,0.13,0.15,0.69
2020-08-26,0.11,0.12,0.16,0.69
2020-08-27,0.11,0.13,0.16,0.74
2020-08-28,0.1,0.12,0.14,0.74
2020-08-31,0.11,0.12,0.14,0.72
2020-09-01,0.12,0.12,0.13,0.68
2020-09-02,0.12,0.13,0.14,0.66
2020-09-03,0.11,0.12,0.13,0.63
2020-09-04,0.11,0.13,0.14,0.72
2020-09-07,,,,
2020-09-08,0.13,0.15,0.14,0.69
2020-09-09,0.12,0.14,0.14,0.71
2020-09-10,0.12,0.15,0.14,0.68
2020-09-11,0.11,0.13,0.13,0.67
2020-09-14,0.11,0.14,0.14,0.68
2020-09-15,0.11,0.13,0.14,0.68
2020-09-16,0.12,0.12,0.14,0.69
2020-09-17,0.09,0.12,0.13,0.69
2020-09-18,0.1,0.13,0.14,0.7
2020-09-21,0.1,0.12,0.14,0.68
2020-09-22,0.1,0.12,0.13,0.68
2020-09-23,0.11,0.13,0.14,0.68
2020-09-24,0.1,0.12,0.14,0.67
2020-09-25,0.1,0.12,0.12,0.66
2020-09-28,0.11,0.12,0.14,0.67
2020-09-29,0.09,0.12,0.11,0.66
2020-09-30,0.1,0.12,0.13,0.69
2020-10-01,0.09,0.12,0.14,0.68
2020-10-02,0.09,0.12,0.13,0.7
2020-10-05,0.1,0.12,0.14,0.78
2020-10-06,0.1,0.14,0.14,0.76
2020-10-07,0.1,0.13,0.16,0.81
2020-10-08,0.09,0.13,0.13,0.78
2020-10-09,0.1,0.15,0.16,0.79
2020-10-12,,,,
2020-10-13,0.11,0.13,0.16,0.74
2020-10-14,0.12,0.13,0.14,0.73
2020-10-15,0.11,0.12,0.14,0.74
2020-10-16,0.11,0.12,0.14,0.76
2020-10-19,0.11,0.13,0.16,0.78
2020-10-20,0.1,0.13,0.14,0.81
2020-10-21,0.1,0.13,0.14,0.83
2020-10-22,0.09,0.13,0.16,0.87
2020-10-23,0.1,0.12,0.18,0.85
2020-10-26,0.11,0.12,0.16,0.81
2020-10-27,0.1,0.12,0.16,0.79
2020-10-28,0.1,0.12,0.16,0.79
2020-10-29,0.09,0.12,0.16,0.85
2020-10-30,0.09,0.13,0.14,0.88
2020-11-02,0.09,0.13,0.16,0.87
2020-11-03,0.1,0.14,0.17,0.9
2020-11-04,0.1,0.12,0.14,0.78
2020-11-05,0.1,0.12,0.14,0.79
2020-11-06,0.1,0.12,0.16,0.83
2020-11-09,0.11,0.12,0.17,0.96
2020-11-10,0.1,0.12,0.19,0.98
2020-11-11,,,,
2020-11-12,0.1,0.13,0.17,0.88
2020-11-13,0.09,0.12,0.17,0.89
2020-11-16,0.09,0.12,0.19,0.91
2020-11-17,0.09,0.12,0.18,0.87
2020-11-18,0.09,0.11,0.16,0.88
2020-11-19,0.07,0.11,0.18,0.86
2020-11-20,0.07,0.11,0.16,0.83
2020-11-23,0.08,0.1,0.16,0.86
2020-11-24,0.09,0.11,0.16,0.88
2020-11-25,0.09,0.11,0.17,0.88
2020-11-26,,,,
2020-11-27,0.09,0.11,0.16,0.84
2020-11-30,0.08,0.11,0.16,0.84
2020-12-01,0.09,0.12,0.17,0.92
2020-12-02,0.09,0.11,0.16,0.95
2020-12-03,0.08,0.1,0.16,0.92
2020-12-04,0.09,0.11,0.16,0.97
2020-12-07,0.08,0.1,0.14,0.94
2020-12-08,0.09,0.1,0.14,0.92
2020-12-09,0.08,0.1,0.16,0.95
2020-12-10,0.08,0.1,0.14,0.92
2020-12-11,0.08,0.1,0.11,0.9
2020-12-14,0.09,0.1,0.13,0.9
2020-12-15,0.08,0.09,0.11,0.92
2020-12-16,0.09,0.09,0.13,0.92
2020-12-17,0.08,0.09,0.13,0.94
2020-12-18,0.08,0.09,0.13,0.95
2020-12-21,0.09,0.09,0.13,0.95
2020-12-22,0.09,0.09,0.13,0.93
2020-12-23,0.09,0.09,0.13,0.96
2020-12-24,0.09,0.1,0.13,0.94
2020-12-25,,,,
2020-12-28,0.11,0.11,0.13,0.94
2020-12-29,0.1,0.11,0.12,0.94
2020-12-30,0.08,0.12,0.12,0.93
2020-12-31,0.09,0.1,0.13,0.93
2021-01-01,,,,
2021-01-04,0.09,0.1,0.11,0.93
2021-01-05,0.09,0.1,0.13,0.96
2021-01-06,0.09,0.11,0.14,1.04
2021-01-07,0.09,0.11,0.14,1.08
2021-01-08,0.08,0.1,0.14,1.13
2021-01-11,0.08,0.1,0.14,1.15
2021-01-12,0.09,0.11,0.14,1.15
2021-01-13,0.09,0.12,0.14,1.1
2021-01-14,0.09,0.1,0.16,1.15
2021-01-15,0.09,0.1,0.13,1.11
2021-01-18,,,,
2021-01-19,0.09,0.1,0.14,1.1
2021-01-20,0.08,0.1,0.13,1.1
2021-01-21,0.09,0.1,0.13,1.12
2021-01-22,0.08,0.1,0.13,1.1
2021-01-25,0.09,0.1,0.13,1.05
2021-01-26,0.07,0.09,0.11,1.05
2021-01-27,0.08,0.09,0.12,1.04
2021-01-28,0.07,0.08,0.12,1.07
2021-01-29,0.06,0.1,0.11,1.11
2021-02-01,0.07,0.08,0.11,1.09
2021-02-02,0.07,0.08,0.11,1.12
2021-02-03,0.04,0.08,0.11,1.15
2021-02-04,0.04,0.07,0.11,1.15
2021-02-05,0.03,0.06,0.09,1.19
2021-02-08,0.05,0.07,0.11,1.19
2021-02-09,0.04,0.07,0.11,1.18
2021-02-10,0.05,0.07,0.11,1.15
2021-02-11,0.05,0.07,0.11,1.16
2021-02-12,0.04,0.06,0.11,1.2
2021-02-15,,,,
2021-02-16,0.04,0.08,0.13,1.3
2021-02-17,0.04,0.07,0.11,1.29
2021-02-18,0.03,0.06,0.11,1.29
2021-02-19,0.04,0.07,0.11,1.34
2021-02-22,0.03,0.06,0.11,1.37
2021-02-23,0.04,0.08,0.11,1.37
2021-02-24,0.03,0.08,0.12,1.38
2021-02-25,0.04,0.09,0.17,1.54
2021-02-26,0.04,0.08,0.14,1.44
2021-03-01,0.05,0.08,0.13,1.45
2021-03-02,0.04,0.08,0.13,1.42
2021-03-03,0.05,0.08,0.14,1.47
2021-03-04,0.04,0.08,0.14,1.54
2021-03-05,0.04,0.08,0.14,1.56
2021-03-08,0.05,0.09,0.17,1.59
2021-03-09,0.05,0.1,0.17,1.55
2021-03-10,0.04,0.08,0.16,1.53
2021-03-11,0.04,0.08,0.14,1.54
2021-03-12,0.04,0.09,0.14,1.64
2021-03-15,0.04,0.08,0.14,1.62
2021-03-16,0.02,0.07,0.15,1.62
2021-03-17,0.02,0.07,0.13,1.63
2021-03-18,0.01,0.08,0.16,1.71
2021-03-19,0.01,0.07,0.16,1.74
2021-03-22,0.03,0.06,0.15,1.69
2021-03-23,0.01,0.08,0.15,1.63
2021-03-24,0.02,0.07,0.14,1.62
2021-03-25,0.02,0.07,0.14,1.63
2021-03-26,0.02,0.06,0.14,1.67
2021-03-29,0.03,0.06,0.14,1.73
2021-03-30,0.02,0.06,0.16,1.73
2021-03-31,0.03,0.07,0.16,1.74
2021-04-01,0.02,0.06,0.17,1.69
2021-04-02,0.02,0.07,0.19,1.72
2021-04-05,0.03,0.06,0.17,1.73
2021-04-06,0.02,0.06,0.16,1.67
2021-04-07,0.02,0.06,0.16,1.68
2021-04-08,0.01,0.05,0.14,1.64
2021-04-09,0.02,0.06,0.16,1.67
2021-04-12,0.02,0.06,0.18,1.69
2021-04-13,0.03,0.06,0.16,1.64
2021-04-14,0.02,0.06,0.16,1.64
2021-04-15,0.02,0.06,0.16,1.56
2021-04-16,0.02,0.06,0.16,1.59
2021-04-19,0.02,0.08,0.16,1.61
2021-04-20,0.03,0.07,0.15,1.58
2021-04-21,0.03,0.07,0.15,1.57
2021-04-22,0.03,0.06,0.16,1.57
2021-04-23,0.03,0.07,0.16,1.58
2021-04-26,0.03,0.06,0.18,1.58
2021-04-27,0.01,0.06,0.17,1.63
2021-04-28,0.01,0.05,0.17,1.63
2021-04-29,0.01,0.05,0.16,1.65
2021-04-30,0.01,0.05,0.16,1.65
2021-05-03,0.04,0.06,0.16,1.63
2021-05-04,0.02,0.06,0.16,1.61
2021-05-05,0.02,0.06,0.16,1.59
2021-05-06,0.02,0.05,0.16,1.58
2021-05-07,0.02,0.05,0.14,1.6
2021-05-10,0.02,0.05,0.16,1.63
2021-05-11,0.01,0.05,0.16,1.64
2021-05-12,0.02,0.05,0.16,1.69
2021-05-13,0.02,0.05,0.16,1.66
2021-05-14,0.01,0.06,0.16,1.63
2021-05-17,0.02,0.06,0.16,1.64
2021-05-18,0.02,0.06,0.16,1.64
2021-05-19,0.01,0.05,0.16,1.68
2021-05-20,0.01,0.05,0.15,1.63
2021-05-21,0.01,0.04,0.17,1.63
2021-05-24,0.02,0.04,0.15,1.61
2021-05-25,0.02,0.04,0.15,1.56
2021-05-26,0.02,0.04,0.14,1.58
2021-05-27,0.02,0.04,0.14,1.61
2021-05-28,0.01,0.05,0.14,1.58
2021-05-31,,,,
2021-06-01,0.02,0.04,0.16,1.62
2021-06-02,0.02,0.05,0.13,1.59
2021-06-03,0.02,0.04,0.16,1.63
2021-06-04,0.02,0.05,0.14,1.56
2021-06-07,0.02,0.05,0.16,1.57
2021-06-08,0.02,0.05,0.14,1.53
2021-06-09,0.03,0.05,0.16,1.5
2021-06-10,0.03,0.05,0.14,1.45
2021-06-11,0.03,0.05,0.16,1.47
2021-06-14,0.03,0.05,0.16,1.51
2021-06-15,0.03,0.08,0.16,1.51
2021-06-16,0.04,0.08,0.21,1.57
2021-06-17,0.04,0.08,0.23,1.52
2021-06-18,0.05,0.09,0.26,1.45
2021-06-21,0.05,0.09,0.27,1.5
2021-06-22,0.04,0.09,0.25,1.48
2021-06-23,0.05,0.08,0.26,1.5
2021-06-24,0.05,0.08,0.26,1.49
2021-06-25,0.06,0.09,0.28,1.54
2021-06-28,0.05,0.08,0.25,1.49
2021-06-29,0.04,0.08,0.27,1.49
2021-06-30,0.05,0.07,0.25,1.45
2021-07-01,0.05,0.09,0.25,1.48
2021-07-02,0.05,0.08,0.24,1.44
2021-07-05,,,,
2021-07-06,0.05,0.07,0.22,1.37
2021-07-07,0.05,0.08,0.22,1.33
2021-07-08,0.06,0.07,0.19,1.3
2021-07-09,0.06,0.08,0.23,1.37
2021-07-12,0.05,0.08,0.23,1.38
2021-07-13,0.05,0.08,0.26,1.42
2021-07-14,0.06,0.08,0.23,1.37
2021-07-15,0.05,0.07,0.23,1.31
2021-07-16,0.05,0.08,0.25,1.31
2021-07-19,0.05,0.07,0.21,1.19
2021-07-20,0.05,0.08,0.2,1.23
2021-07-21,0.05,0.07,0.22,1.3
2021-07-22,0.05,0.07,0.2,1.27
2021-07-23,0.05,0.07,0.22,1.3
2021-07-26,0.05,0.08,0.22,1.29
2021-07-27,0.05,0.07,0.2,1.25
2021-07-28,0.05,0.07,0.2,1.26
2021-07-29,0.06,0.08,0.2,1.28
2021-07-30,0.06,0.07,0.19,1.24
2021-08-02,0.05,0.07,0.17,1.2
2021-08-03,0.05,0.07,0.17,1.19
2021-08-04,0.05,0.07,0.17,1.19
2021-08-05,0.05,0.08,0.21,1.23
2021-08-06,0.06,0.09,0.21,1.31
2021-08-09,0.06,0.08,0.23,1.33
2021-08-10,0.05,0.08,0.24,1.36
2021-08-11,0.05,0.08,0.23,1.35
2021-08-12,0.06,0.09,0.23,1.36
2021-08-13,0.06,0.08,0.23,1.29
2021-08-16,0.06,0.08,0.21,1.26
2021-08-17,0.07,0.07,0.23,1.26
2021-08-18,0.07,0.07,0.23,1.27
2021-08-19,0.06,0.06,0.22,1.24
2021-08-20,0.05,0.06,0.23,1.26
2021-08-23,0.05,0.07,0.23,1.25
2021-08-24,0.05,0.06,0.24,1.29
2021-08-25,0.06,0.07,0.23,1.35
2021-08-26,0.05,0.07,0.25,1.34
2021-08-27,0.05,0.07,0.22,1.31
2021-08-30,0.05,0.08,0.2,1.29
2021-08-31,0.04,0.07,0.2,1.3
2021-09-01,0.05,0.07,0.2,1.31
2021-09-02,0.05,0.07,0.2,1.29
2021-09-03,0.05,0.08,0.21,1.33
2021-09-06,,,,
2021-09-07,0.05,0.08,0.22,1.38
2021-09-08,0.05,0.08,0.22,1.35
2021-09-09,0.04,0.07,0.23,1.3
2021-09-10,0.05,0.08,0.23,1.35
2021-09-13,0.06,0.07,0.21,1.33
2021-09-14,0.04,0.07,0.21,1.28
2021-09-15,0.04,0.07,0.21,1.31
2021-09-16,0.04,0.07,0.23,1.34
2021-09-17,0.04,0.07,0.23,1.37
2021-09-20,0.04,0.07,0.23,1.31
2021-09-21,0.03,0.07,0.22,1.33
2021-09-22,0.03,0.08,0.25,1.32
2021-09-23,0.03,0.08,0.27,1.41
2021-09-24,0.03,0.08,0.29,1.47
2021-09-27,0.04,0.09,0.31,1.48
2021-09-28,0.04,0.09,0.31,1.54
2021-09-29,0.04,0.09,0.3,1.55
2021-09-30,0.04,0.09,0.28,1.52
2021-10-01,0.04,0.09,0.27,1.48
2021-10-04,0.04,0.09,0.27,1.49
2021-10-05,0.04,0.09,0.28,1.54
2021-10-06,0.04,0.1,0.3,1.53
2021-10-07,0.05,0.1,0.32,1.58
2021-10-08,0.05,0.09,0.32,1.61
2021-10-11,,,,
2021-10-12,0.06,0.1,0.35,1.59
2021-10-13,0.05,0.11,0.37,1.56
2021-10-14,0.05,0.1,0.36,1.52
2021-10-15,0.05,0.12,0.41,1.59
2021-10-18,0.06,0.11,0.44,1.59
2021-10-19,0.05,0.11,0.41,1.65
2021-10-20,0.05,0.1,0.4,1.65
2021-10-21,0.06,0.12,0.45,1.68
2021-10-22,0.06,0.13,0.48,1.66
2021-10-25,0.06,0.14,0.47,1.64
2021-10-26,0.06,0.14,0.47,1.63
2021-10-27,0.06,0.12,0.5,1.54
2021-10-28,0.06,0.15,0.5,1.57
2021-10-29,0.05,0.15,0.48,1.55
2021-11-01,0.05,0.15,0.5,1.58
2021-11-02,0.05,0.15,0.46,1.56
2021-11-03,0.05,0.17,0.47,1.6
2021-11-04,0.04,0.14,0.41,1.53
2021-11-05,0.05,0.14,0.39,1.45
2021-11-08,0.06,0.16,0.45,1.51
2021-11-09,0.04,0.14,0.41,1.46
2021-11-10,0.05,0.17,0.51,1.56
2021-11-11,,,,
2021-11-12,0.05,0.17,0.53,1.58
2021-11-15,0.05,0.18,0.53,1.63
2021-11-16,0.05,0.17,0.54,1.63
2021-11-17,0.05,0.18,0.52,1.6
2021-11-18,0.05,0.18,0.52,1.59
2021-11-19,0.05,0.18,0.52,1.54
2021-11-22,0.05,0.2,0.63,1.63
2021-11-23,0.06,0.21,0.6,1.67
2021-11-24,0.06,0.24,0.64,1.64
2021-11-25,,,,
2021-11-26,0.06,0.2,0.5,1.48
2021-11-29,0.06,0.21,0.51,1.52
2021-11-30,0.05,0.24,0.52,1.43
2021-12-01,0.06,0.25,0.56,1.43
2021-12-02,0.05,0.27,0.63,1.44
2021-12-03,0.06,0.26,0.6,1.35
2021-12-06,0.05,0.28,0.65,1.43
2021-12-07,0.06,0.31,0.7,1.48
2021-12-08,0.07,0.29,0.68,1.52
2021-12-09,0.06,0.28,0.7,1.49
2021-12-10,0.06,0.27,0.67,1.48
2021-12-13,0.05,0.27,0.66,1.42
2021-12-14,0.05,0.26,0.67,1.44
2021-12-15,0.05,0.29,0.69,1.47
2021-12-16,0.05,0.26,0.64,1.44
2021-12-17,0.05,0.27,0.66,1.41
2021-12-20,0.07,0.27,0.65,1.43
2021-12-21,0.07,0.29,0.7,1.48
2021-12-22,0.08,0.28,0.68,1.46
2021-12-23,0.07,0.31,0.71,1.5
2021-12-24,,,,
2021-12-27,0.06,0.33,0.76,1.48
2021-12-28,0.06,0.39,0.74,1.49
2021-12-29,0.05,0.38,0.75,1.55
2021-12-30,0.05,0.38,0.73,1.52
2021-12-31,0.06,0.39,0.73,1.52
2022-01-03,0.08,0.4,0.78,1.63
2022-01-04,0.08,0.38,0.77,1.66
2022-01-05,0.09,0.41,0.83,1.71
2022-01-06,0.1,0.45,0.88,1.73
2022-01-07,0.1,0.43,0.87,1.76
2022-01-10,0.13,0.46,0.92,1.78
2022-01-11,0.11,0.46,0.9,1.75
2022-01-12,0.12,0.48,0.92,1.74
2022-01-13,0.12,0.47,0.91,1.7
2022-01-14,0.13,0.51,0.99,1.78
2022-01-17,,,,
2022-01-18,0.16,0.58,1.06,1.87
2022-01-19,0.17,0.57,1.04,1.83
2022-01-20,0.17,0.6,1.08,1.83
2022-01-21,0.17,0.58,1.01,1.75
2022-01-24,0.19,0.58,0.99,1.75
2022-01-25,0.19,0.65,1.02,1.78
2022-01-26,0.19,0.7,1.13,1.85
2022-01-27,0.2,0.75,1.18,1.81
2022-01-28,0.19,0.75,1.15,1.78
2022-01-31,0.22,0.78,1.18,1.79
2022-02-01,0.19,0.78,1.18,1.81
2022-02-02,0.19,0.76,1.16,1.78
2022-02-03,0.2,0.78,1.19,1.82
2022-02-04,0.23,0.89,1.31,1.93
2022-02-07,0.27,0.88,1.3,1.92
2022-02-08,0.25,0.91,1.35,1.96
2022-02-09,0.26,0.91,1.36,1.94
2022-02-10,0.4,1.14,1.61,2.03
2022-02-11,0.36,1.07,1.5,1.92
2022-02-14,0.43,1.13,1.58,1.98
2022-02-15,0.4,1.11,1.58,2.05
2022-02-16,0.38,1.09,1.52,2.03
2022-02-17,0.36,1.05,1.49,1.97
2022-02-18,0.35,1.03,1.47,1.92
2022-02-21,,,,
2022-02-22,0.37,1.17,1.56,1.94
2022-02-23,0.34,1.16,1.58,1.99
2022-02-24,0.32,1.08,1.54,1.96
2022-02-25,0.33,1.13,1.55,1.97
2022-02-28,0.35,1.01,1.44,1.83
2022-03-01,0.32,0.91,1.31,1.72
2022-03-02,0.34,1.06,1.5,1.86
2022-03-03,0.38,1.08,1.53,1.86
2022-03-04,0.34,1.05,1.5,1.74
2022-03-07,0.38,1.07,1.55,1.78
2022-03-08,0.36,1.12,1.63,1.86
2022-03-09,0.38,1.15,1.68,1.94
2022-03-10,0.39,1.19,1.72,1.98
2022-03-11,0.4,1.22,1.75,2.0
2022-03-14,0.45,1.28,1.87,2.14
2022-03-15,0.46,1.28,1.85,2.15
2022-03-16,0.44,1.35,1.95,2.19
2022-03-17,0.4,1.3,1.94,2.2
2022-03-18,0.42,1.29,1.97,2.14
2022-03-21,0.54,1.4,2.14,2.32
2022-03-22,0.51,1.59,2.18,2.38
2022-03-23,0.5,1.52,2.13,2.32
2022-03-24,0.52,1.55,2.13,2.34
2022-03-25,0.55,1.67,2.3,2.48
2022-03-28,0.59,1.69,2.35,2.46
2022-03-29,0.55,1.67,2.35,2.41
2022-03-30,0.55,1.64,2.31,2.35
2022-03-31,0.52,1.63,2.28,2.32
2022-04-01,0.53,1.72,2.44,2.39
2022-04-04,0.66,1.72,2.43,2.42
2022-04-05,0.65,1.77,2.51,2.54
2022-04-06,0.67,1.79,2.5,2.61
2022-04-07,0.68,1.78,2.47,2.66
2022-04-08,0.7,1.81,2.53,2.72
2022-04-11,0.77,1.85,2.5,2.79
2022-04-12,0.74,1.77,2.39,2.72
2022-04-13,0.75,1.78,2.37,2.7
2022-04-14,0.79,1.84,2.47,2.83
2022-04-15,,,,
2022-04-18,0.81,1.84,2.46,2.85
2022-04-19,0.81,1.94,2.61,2.93
2022-04-20,0.82,1.93,2.6,2.85
2022-04-21,0.83,2.01,2.68,2.9
2022-04-22,0.83,2.06,2.72,2.9
2022-04-25,0.91,2.03,2.63,2.81
2022-04-26,0.83,1.99,2.54,2.77
2022-04-27,0.82,1.97,2.58,2.82
2022-04-28,0.82,2.04,2.63,2.85
2022-04-29,0.85,2.1,2.7,2.89
2022-05-02,0.9,2.1,2.73,2.99
2022-05-03,0.91,2.16,2.78,2.97
2022-05-04,0.89,2.07,2.66,2.93
2022-05-05,0.85,2.08,2.71,3.05
2022-05-06,0.85,2.08,2.72,3.12
2022-05-09,0.92,1.99,2.61,3.05
2022-05-10,0.89,2.01,2.62,2.99
2022-05-11,0.91,1.99,2.66,2.91
2022-05-12,0.96,1.96,2.56,2.84
2022-05-13,1.03,2.04,2.61,2.93
2022-05-16,1.07,2.07,2.58,2.88
2022-05-17,1.06,2.16,2.71,2.98
2022-05-18,1.03,2.16,2.68,2.89
2022-05-19,1.05,2.11,2.63,2.84
2022-05-20,1.03,2.07,2.6,2.78
2022-05-23,1.07,2.09,2.65,2.86
2022-05-24,1.06,2.02,2.5,2.76
2022-05-25,1.06,2.01,2.48,2.75
2022-05-26,1.07,1.99,2.46,2.75
2022-05-27,1.08,2.01,2.47,2.74
2022-05-30,,,,
2022-05-31,1.16,2.08,2.53,2.85
2022-06-01,1.15,2.16,2.66,2.94
2022-06-02,1.17,2.15,2.65,2.92
2022-06-03,1.21,2.18,2.66,2.96
2022-06-06,1.26,2.23,2.73,3.04
2022-06-07,1.26,2.26,2.75,2.98
2022-06-08,1.28,2.29,2.78,3.03
2022-06-09,1.3,2.35,2.83,3.04
2022-06-10,1.39,2.58,3.06,3.15
2022-06-13,1.73,2.89,3.4,3.43
2022-06-14,1.83,3.15,3.45,3.49
2022-06-15,1.74,2.93,3.2,3.33
2022-06-16,1.59,2.88,3.14,3.28
2022-06-17,1.63,2.86,3.17,3.25
2022-06-20,,,,
2022-06-21,1.7,2.92,3.21,3.31
2022-06-22,1.61,2.79,3.06,3.16
2022-06-23,1.65,2.78,3.01,3.09
2022-06-24,1.73,2.83,3.04,3.13
2022-06-27,1.79,2.89,3.08,3.2
2022-06-28,1.79,2.88,3.1,3.2
2022-06-29,1.78,2.88,3.06,3.1
2022-06-30,1.72,2.8,2.92,2.98
2022-07-01,1.73,2.79,2.84,2.88
2022-07-04,,,,
2022-07-05,1.9,2.77,2.82,2.82
2022-07-06,1.9,2.82,2.97,2.93
2022-07-07,1.95,2.87,3.03,3.01
2022-07-08,1.98,2.96,3.12,3.09
2022-07-11,2.18,2.97,3.07,2.99
2022-07-12,2.22,3.07,3.03,2.96
2022-07-13,2.39,3.21,3.13,2.91
2022-07-14,2.4,3.16,3.15,2.96
2022-07-15,2.37,3.12,3.13,2.93
2022-07-18,2.5,3.13,3.15,2.96
2022-07-19,2.52,3.18,3.23,3.01
2022-07-20,2.51,3.18,3.25,3.04
2022-07-21,2.48,3.11,3.1,2.91
2022-07-22,2.49,3.01,2.98,2.77
2022-07-25,2.62,3.07,3.0,2.81
2022-07-26,2.55,3.06,3.02,2.81
2022-07-27,2.44,3.0,2.96,2.78
2022-07-28,2.42,2.93,2.85,2.68
2022-07-29,2.41,2.98,2.89,2.67
2022-08-01,2.56,2.98,2.9,2.6
2022-08-02,2.56,3.09,3.06,2.75
2022-08-03,2.52,3.14,3.1,2.73
2022-08-04,2.5,3.11,3.03,2.68
2022-08-05,2.58,3.29,3.24,2.83
2022-08-08,2.65,3.3,3.21,2.77
2022-08-09,2.67,3.33,3.28,2.8
2022-08-10,2.65,3.26,3.23,2.78
2022-08-11,2.62,3.25,3.23,2.87
2022-08-12,2.63,3.26,3.25,2.84
2022-08-15,2.72,3.23,3.2,2.79
2022-08-16,2.7,3.26,3.25,2.82
2022-08-17,2.68,3.27,3.28,2.89
2022-08-18,2.71,3.24,3.22,2.88
2022-08-19,2.74,3.26,3.25,2.98
2022-08-22,2.82,3.32,3.32,3.03
2022-08-23,2.8,3.29,3.29,3.05
2022-08-24,2.82,3.35,3.36,3.11
2022-08-25,2.88,3.33,3.35,3.03
2022-08-26,2.89,3.36,3.37,3.04
2022-08-29,2.97,3.43,3.42,3.12
2022-08-30,2.97,3.48,3.46,3.11
2022-08-31,2.96,3.5,3.45,3.15
2022-09-01,2.97,3.51,3.51,3.26
2022-09-02,2.94,3.47,3.4,3.2
2022-09-05,,,,
2022-09-06,3.04,3.61,3.5,3.33
2022-09-07,3.07,3.6,3.45,3.27
2022-09-08,3.06,3.6,3.48,3.29
2022-09-09,3.08,3.67,3.56,3.33
2022-09-12,3.17,3.7,3.58,3.37
2022-09-13,3.28,3.92,3.75,3.42
2022-09-14,3.24,3.95,3.78,3.41
2022-09-15,3.22,4.0,3.87,3.45
2022-09-16,3.2,3.96,3.85,3.45
2022-09-19,3.37,4.05,3.95,3.49
2022-09-20,3.35,4.03,3.96,3.57
2022-09-21,3.31,4.08,4.02,3.51
2022-09-22,3.29,4.08,4.11,3.7
2022-09-23,3.24,4.15,4.2,3.69
2022-09-26,3.39,4.17,4.27,3.88
2022-09-27,3.35,4.16,4.3,3.97
2022-09-28,3.4,3.99,4.07,3.72
2022-09-29,3.36,3.98,4.16,3.76
2022-09-30,3.33,4.05,4.22,3.83
2022-10-03,3.46,4.01,4.12,3.67
2022-10-04,3.45,4.15,4.1,3.62
2022-10-05,3.46,4.14,4.15,3.76
2022-10-06,3.46,4.19,4.23,3.83
2022-10-07,3.45,4.24,4.3,3.89
2022-10-10,,,,
2022-10-11,3.67,4.28,4.3,3.93
2022-10-12,3.7,4.28,4.28,3.91
2022-10-13,3.79,4.46,4.47,3.97
2022-10-14,3.81,4.5,4.48,4.0
2022-10-17,3.97,4.5,4.45,4.02
2022-10-18,4.04,4.5,4.43,4.01
2022-10-19,4.07,4.6,4.55,4.14
2022-10-20,4.09,4.66,4.62,4.24
2022-10-21,4.09,4.58,4.49,4.21
2022-10-24,4.16,4.61,4.5,4.25
2022-10-25,4.14,4.6,4.42,4.1
2022-10-26,4.11,4.54,4.39,4.04
2022-10-27,4.13,4.5,4.3,3.96
2022-10-28,4.18,4.55,4.41,4.02
2022-10-31,4.22,4.66,4.51,4.1
2022-11-01,4.23,4.75,4.54,4.07
2022-11-02,4.22,4.76,4.61,4.1
2022-11-03,4.25,4.78,4.71,4.14
2022-11-04,4.21,4.76,4.66,4.17
2022-11-07,4.29,4.8,4.72,4.22
2022-11-08,4.28,4.77,4.67,4.14
2022-11-09,4.29,4.75,4.61,4.12
2022-11-10,4.28,4.59,4.34,3.82
2022-11-11,,,,
2022-11-14,4.34,4.63,4.4,3.88
2022-11-15,4.31,4.6,4.37,3.8
2022-11-16,4.32,4.62,4.35,3.67
2022-11-17,4.32,4.68,4.43,3.77
2022-11-18,4.34,4.74,4.51,3.82
2022-11-21,4.41,4.75,4.48,3.83
2022-11-22,4.4,4.79,4.47,3.76
2022-11-23,4.4,4.75,4.46,3.71
2022-11-24,,,,
2022-11-25,4.41,4.76,4.42,3.68
2022-11-28,4.41,4.76,4.46,3.69
2022-11-29,4.38,4.78,4.48,3.75
2022-11-30,4.37,4.74,4.38,3.68
2022-12-01,4.33,4.66,4.25,3.53
2022-12-02,4.34,4.69,4.28,3.51
2022-12-05,4.36,4.77,4.41,3.6
2022-12-06,4.37,4.73,4.34,3.51
2022-12-07,4.29,4.67,4.26,3.42
2022-12-08,4.28,4.71,4.31,3.48
2022-12-09,4.31,4.72,4.33,3.57
2022-12-12,4.38,4.75,4.39,3.61
2022-12-13,4.35,4.64,4.22,3.51
2022-12-14,4.33,4.64,4.23,3.49
2022-12-15,4.34,4.65,4.23,3.44
2022-12-16,4.31,4.61,4.17,3.48
2022-12-19,4.37,4.64,4.25,3.57
2022-12-20,4.35,4.64,4.25,3.69
2022-12-21,4.33,4.6,4.21,3.68
2022-12-22,4.35,4.64,4.24,3.67
2022-12-23,4.34,4.66,4.31,3.75
2022-12-26,,,,
2022-12-27,4.46,4.75,4.32,3.84
2022-12-28,4.46,4.71,4.31,3.88
2022-12-29,4.45,4.71,4.34,3.83
2022-12-30,4.42,4.73,4.41,3.88
2023-01-02,,,,
2023-01-03,4.53,4.72,4.4,3.79
2023-01-04,4.55,4.71,4.36,3.69
2023-01-05,4.66,4.78,4.45,3.71
2023-01-06,4.67,4.71,4.24,3.55
2023-01-09,4.7,4.69,4.19,3.53
2023-01-10,4.73,4.74,4.24,3.61
2023-01-11,4.72,4.73,4.2,3.54
2023-01-12,4.66,4.66,4.12,3.43
2023-01-13,4.67,4.69,4.22,3.49
2023-01-16,,,,
2023-01-17,4.71,4.67,4.18,3.53
2023-01-18,4.69,4.63,4.06,3.37
2023-01-19,4.71,4.65,4.09,3.39
2023-01-20,4.72,4.68,4.14,3.48
2023-01-23,4.73,4.7,4.21,3.52
2023-01-24,4.72,4.7,4.12,3.46
2023-01-25,4.72,4.67,4.11,3.46
2023-01-26,4.71,4.68,4.17,3.49
2023-01-27,4.73,4.68,4.19,3.52
2023-01-30,4.72,4.71,4.25,3.55
2023-01-31,4.7,4.68,4.21,3.52
2023-02-01,4.66,4.66,4.09,3.39
2023-02-02,4.66,4.64,4.09,3.4
2023-02-03,4.7,4.79,4.3,3.53
2023-02-06,4.71,4.85,4.44,3.63
2023-02-07,4.71,4.88,4.47,3.67
2023-02-08,4.72,4.87,4.45,3.63
2023-02-09,4.77,4.88,4.48,3.67
2023-02-10,4.79,4.89,4.5,3.74
2023-02-13,4.81,4.91,4.52,3.72
2023-02-14,4.8,4.99,4.6,3.77
2023-02-15,4.79,4.96,4.62,3.81
2023-02-16,4.84,4.99,4.62,3.86
2023-02-17,4.84,5.0,4.6,3.82
2023-02-20,,,,
2023-02-21,4.86,5.07,4.67,3.95
2023-02-22,4.84,5.07,4.66,3.93
2023-02-23,4.84,5.03,4.66,3.88
2023-02-24,4.86,5.05,4.78,3.95
2023-02-27,4.89,5.03,4.78,3.92
2023-02-28,4.88,5.02,4.81,3.92
2023-03-01,4.9,5.06,4.89,4.01
2023-03-02,4.91,5.04,4.89,4.08
2023-03-03,4.91,5.03,4.86,3.97
2023-03-06,4.93,5.05,4.89,3.98
2023-03-07,5.04,5.22,5.0,3.97
2023-03-08,5.06,5.25,5.05,3.98
2023-03-09,5.05,5.18,4.9,3.93
2023-03-10,5.01,4.9,4.6,3.7
2023-03-13,4.87,4.3,4.03,3.55
2023-03-14,4.88,4.45,4.2,3.64
2023-03-15,4.75,4.19,3.93,3.51
2023-03-16,4.74,4.49,4.14,3.56
2023-03-17,4.52,4.26,3.81,3.39
2023-03-20,4.81,4.34,3.92,3.47
2023-03-21,4.78,4.68,4.17,3.59
2023-03-22,4.79,4.56,3.96,3.48
2023-03-23,4.73,4.38,3.76,3.38
2023-03-24,4.74,4.32,3.76,3.38
2023-03-27,4.91,4.51,3.94,3.53
2023-03-28,4.8,4.55,4.02,3.55
2023-03-29,4.8,4.59,4.08,3.57
2023-03-30,4.97,4.63,4.1,3.55
2023-03-31,4.85,4.64,4.06,3.48
2023-04-03,4.9,4.6,3.97,3.43
2023-04-04,4.88,4.5,3.84,3.35
2023-04-05,4.86,4.43,3.79,3.3
2023-04-06,4.91,4.51,3.82,3.3
2023-04-07,4.95,4.61,3.97,3.39
2023-04-10,5.08,4.65,4.0,3.41
2023-04-11,5.04,4.67,4.03,3.43
2023-04-12,5.02,4.64,3.95,3.41
2023-04-13,5.1,4.66,3.96,3.45
2023-04-14,5.14,4.77,4.08,3.52
2023-04-17,5.21,4.8,4.18,3.6
2023-04-18,5.2,4.81,4.19,3.58
2023-04-19,5.16,4.84,4.24,3.6
2023-04-20,5.12,4.77,4.14,3.54
2023-04-21,5.14,4.78,4.17,3.57
2023-04-24,5.2,4.76,4.12,3.52
2023-04-25,5.12,4.6,3.86,3.4
2023-04-26,5.16,4.64,3.9,3.43
2023-04-27,5.18,4.78,4.07,3.53
2023-04-28,5.1,4.8,4.04,3.44
2023-05-01,5.27,4.86,4.14,3.59
2023-05-02,5.24,4.74,3.97,3.44
2023-05-03,5.26,4.7,3.89,3.38
2023-05-04,5.26,4.59,3.75,3.37
2023-05-05,5.26,4.73,3.92,3.44
2023-05-08,5.31,4.79,4.0,3.52
2023-05-09,5.29,4.81,4.01,3.53
2023-05-10,5.24,4.7,3.9,3.43
2023-05-11,5.2,4.7,3.89,3.39
2023-05-12,5.25,4.75,3.98,3.46
2023-05-15,5.21,4.73,3.99,3.5
2023-05-16,5.23,4.88,4.06,3.54
2023-05-17,5.26,4.92,4.12,3.57
2023-05-18,5.31,5.02,4.24,3.65
2023-05-19,5.29,5.02,4.28,3.7
2023-05-22,5.4,5.07,4.29,3.72
2023-05-23,5.34,5.06,4.26,3.7
2023-05-24,5.37,5.12,4.31,3.73
2023-05-25,5.38,5.24,4.5,3.83
2023-05-26,5.34,5.25,4.54,3.8
2023-05-29,,,,
2023-05-30,5.55,5.22,4.46,3.69
2023-05-31,5.52,5.18,4.4,3.64
2023-06-01,5.5,5.11,4.33,3.61
2023-06-02,5.5,5.22,4.5,3.69
2023-06-05,5.46,5.17,4.46,3.69
2023-06-06,5.44,5.2,4.51,3.7
2023-06-07,5.42,5.16,4.56,3.79
2023-06-08,5.38,5.12,4.52,3.73
2023-06-09,5.37,5.17,4.59,3.75
2023-06-12,5.4,5.18,4.55,3.73
2023-06-13,5.36,5.26,4.67,3.84
2023-06-14,5.36,5.27,4.74,3.83
2023-06-15,5.33,5.21,4.62,3.72
2023-06-16,5.34,5.24,4.7,3.77
2023-06-19,,,,
2023-06-20,5.39,5.24,4.68,3.74
2023-06-21,5.4,5.25,4.68,3.72
2023-06-22,5.4,5.29,4.77,3.8
2023-06-23,5.41,5.25,4.71,3.74
2023-06-26,5.5,5.27,4.65,3.72
2023-06-27,5.44,5.33,4.74,3.77
2023-06-28,5.44,5.32,4.71,3.71
2023-06-29,5.46,5.41,4.87,3.85
2023-06-30,5.43,5.4,4.87,3.81
2023-07-03,5.44,5.43,4.94,3.86
2023-07-04,,,,
2023-07-05,5.44,5.4,4.94,3.95
2023-07-06,5.46,5.44,4.99,4.05
2023-07-07,5.46,5.41,4.94,4.06
2023-07-10,5.48,5.38,4.85,4.01
2023-07-11,5.49,5.44,4.88,3.99
2023-07-12,5.47,5.35,4.72,3.86
2023-07-13,5.47,5.27,4.59,3.76
2023-07-14,5.49,5.34,4.74,3.83
2023-07-17,5.49,5.33,4.74,3.81
2023-07-18,5.49,5.32,4.74,3.8
2023-07-19,5.49,5.32,4.74,3.75
2023-07-20,5.49,5.35,4.8,3.85
2023-07-21,5.5,5.35,4.82,3.84
2023-07-24,5.51,5.38,4.81,3.86
2023-07-25,5.51,5.38,4.85,3.91
2023-07-26,5.51,5.37,4.82,3.86
2023-07-27,5.51,5.4,4.91,4.01
2023-07-28,5.52,5.37,4.87,3.96
2023-07-31,5.55,5.37,4.88,3.97
2023-08-01,5.54,5.38,4.92,4.05
2023-08-02,5.53,5.36,4.88,4.08
2023-08-03,5.54,5.37,4.9,4.2
2023-08-04,5.54,5.33,4.78,4.05
2023-08-07,5.56,5.3,4.76,4.09
2023-08-08,5.57,5.35,4.74,4.02
2023-08-09,5.55,5.35,4.79,4.0
2023-08-10,5.54,5.33,4.82,4.09
2023-08-11,5.54,5.36,4.89,4.16
2023-08-14,5.56,5.37,4.96,4.19
2023-08-15,5.56,5.36,4.92,4.21
2023-08-16,5.56,5.37,4.97,4.28
2023-08-17,5.56,5.36,4.94,4.3
2023-08-18,5.55,5.35,4.92,4.26
2023-08-21,5.57,5.37,4.97,4.34
2023-08-22,5.57,5.39,5.02,4.34
2023-08-23,5.57,5.35,4.95,4.19
2023-08-24,5.58,5.39,4.98,4.23
2023-08-25,5.61,5.44,5.03,4.25
2023-08-28,5.58,5.44,4.98,4.2
2023-08-29,5.56,5.37,4.87,4.12
2023-08-30,5.56,5.39,4.9,4.12
2023-08-31,5.56,5.37,4.85,4.09
2023-09-01,5.53,5.36,4.87,4.18
2023-09-04,,,,
2023-09-05,5.55,5.42,4.94,4.27
2023-09-06,5.55,5.44,5.01,4.3
2023-09-07,5.53,5.4,4.94,4.27
2023-09-08,5.55,5.42,4.98,4.26
2023-09-11,5.55,5.4,4.97,4.29
2023-09-12,5.56,5.42,4.98,4.27
2023-09-13,5.55,5.42,4.96,4.25
2023-09-14,5.55,5.42,5.0,4.29
2023-09-15,5.56,5.43,5.02,4.33
2023-09-18,5.55,5.44,5.05,4.32
2023-09-19,5.54,5.45,5.08,4.37
2023-09-20,5.56,5.47,5.12,4.35
2023-09-21,5.57,5.46,5.12,4.49
2023-09-22,5.56,5.46,5.1,4.44
2023-09-25,5.58,5.45,5.09,4.55
2023-09-26,5.58,5.45,5.04,4.56
2023-09-27,5.58,5.49,5.1,4.61
2023-09-28,5.56,5.46,5.04,4.59
2023-09-29,5.55,5.46,5.03,4.59
2023-10-02,5.62,5.49,5.12,4.69
2023-10-03,5.62,5.49,5.15,4.81
2023-10-04,5.61,5.42,5.05,4.73
2023-10-05,5.61,5.39,5.03,4.72
2023-10-06,5.63,5.43,5.08,4.78
2023-10-09,,,,
2023-10-10,5.61,5.37,4.96,4.66
2023-10-11,5.61,5.38,4.99,4.58
2023-10-12,5.63,5.43,5.06,4.7
2023-10-13,5.62,5.41,5.04,4.63
2023-10-16,5.61,5.42,5.09,4.71
2023-10-17,5.62,5.48,5.19,4.83
2023-10-18,5.61,5.47,5.19,4.91
2023-10-19,5.6,5.44,5.14,4.98
2023-10-20,5.58,5.41,5.07,4.93
2023-10-23,5.58,5.42,5.05,4.86
2023-10-24,5.58,5.41,5.02,4.83
2023-10-25,5.59,5.43,5.08,4.95
2023-10-26,5.59,5.39,5.02,4.86
2023-10-27,5.59,5.39,4.99,4.84
2023-10-30,5.6,5.41,5.03,4.88
2023-10-31,5.59,5.44,5.07,4.88
2023-11-01,5.57,5.37,4.95,4.77
2023-11-02,5.54,5.38,4.98,4.67
2023-11-03,5.53,5.29,4.83,4.57
2023-11-06,5.56,5.33,4.93,4.67
2023-11-07,5.55,5.33,4.91,4.58
2023-11-08,5.54,5.34,4.93,4.49
2023-11-09,5.54,5.39,5.03,4.62
2023-11-10,5.53,5.38,5.04,4.61
2023-11-13,5.55,5.37,5.02,4.63
2023-11-14,5.52,5.24,4.8,4.44
2023-11-15,5.53,5.27,4.9,4.53
2023-11-16,5.51,5.23,4.83,4.45
2023-11-17,5.5,5.24,4.88,4.44
2023-11-20,5.54,5.25,4.89,4.42
2023-11-21,5.53,5.24,4.86,4.41
2023-11-22,5.54,5.26,4.89,4.42
2023-11-23,,,,
2023-11-24,5.54,5.27,4.92,4.47
2023-11-27,5.49,5.24,4.84,4.39
2023-11-28,5.47,5.21,4.73,4.34
2023-11-29,5.45,5.12,4.64,4.27
2023-11-30,5.45,5.16,4.73,4.37
2023-12-01,5.43,5.05,4.56,4.22
2023-12-04,5.46,5.1,4.64,4.28
2023-12-05,5.45,5.06,4.57,4.18
2023-12-06,5.45,5.07,4.6,4.12
2023-12-07,5.44,5.05,4.58,4.14
2023-12-08,5.44,5.13,4.71,4.23
2023-12-11,5.47,5.14,4.71,4.23
2023-12-12,5.46,5.14,4.73,4.2
2023-12-13,5.44,4.94,4.46,4.04
2023-12-14,5.43,4.9,4.37,3.92
2023-12-15,5.44,4.95,4.44,3.91
2023-12-18,5.46,4.95,4.43,3.95
2023-12-19,5.43,4.93,4.41,3.93
2023-12-20,5.44,4.88,4.34,3.86
2023-12-21,5.42,4.84,4.33,3.89
2023-12-22,5.44,4.82,4.31,3.9
2023-12-25,,,,
2023-12-26,5.45,4.83,4.26,3.89
2023-12-27,5.44,4.79,4.2,3.79
2023-12-28,5.45,4.82,4.26,3.84
2023-12-29,5.4,4.79,4.23,3.88
2024-01-01,,,,
2024-01-02,5.46,4.8,4.33,3.95
2024-01-03,5.48,4.81,4.33,3.91
2024-01-04,5.48,4.85,4.38,3.99
2024-01-05,5.47,4.84,4.4,4.05
2024-01-08,5.49,4.82,4.36,4.01
2024-01-09,5.47,4.82,4.36,4.02
2024-01-10,5.46,4.82,4.37,4.04
2024-01-11,5.46,4.75,4.26,3.98
2024-01-12,5.45,4.65,4.14,3.96
2024-01-15,,,,
2024-01-16,5.45,4.7,4.22,4.07
2024-01-17,5.47,4.8,4.34,4.1
2024-01-18,5.45,4.8,4.34,4.14
2024-01-19,5.45,4.84,4.39,4.15
2024-01-22,5.46,4.83,4.37,4.11
2024-01-23,5.45,4.81,4.31,4.14
2024-01-24,5.44,4.83,4.34,4.18
2024-01-25,5.44,4.76,4.28,4.14
2024-01-26,5.44,4.78,4.34,4.15
2024-01-29,5.42,4.76,4.29,4.08
2024-01-30,5.42,4.8,4.36,4.06
2024-01-31,5.42,4.73,4.27,3.99
2024-02-01,5.42,4.68,4.2,3.87
2024-02-02,5.43,4.81,4.36,4.03
2024-02-05,5.42,4.87,4.46,4.17
2024-02-06,5.44,4.82,4.39,4.09
2024-02-07,5.43,4.83,4.41,4.09
2024-02-08,5.44,4.83,4.46,4.15
2024-02-09,5.44,4.86,4.48,4.17
2024-02-12,5.43,4.87,4.46,4.17
2024-02-13,5.45,4.99,4.64,4.31
2024-02-14,5.43,4.94,4.56,4.27
2024-02-15,5.43,4.93,4.56,4.24
2024-02-16,5.44,4.98,4.64,4.3
2024-02-19,,,,
2024-02-20,5.44,4.97,4.59,4.27
2024-02-21,5.44,4.98,4.64,4.32
2024-02-22,5.45,5.02,4.69,4.33
2024-02-23,5.46,5.0,4.67,4.26
2024-02-26,5.47,5.03,4.69,4.28
2024-02-27,5.45,5.03,4.7,4.31
2024-02-28,5.45,5.0,4.64,4.27
2024-02-29,5.45,5.01,4.64,4.25
2024-03-01,5.42,4.94,4.54,4.19
2024-03-04,5.48,4.98,4.61,4.22
2024-03-05,5.47,4.94,4.54,4.13
2024-03-06,5.47,4.95,4.55,4.11
2024-03-07,5.47,4.93,4.5,4.09
2024-03-08,5.46,4.92,4.48,4.09
2024-03-11,5.48,4.95,4.51,4.1
2024-03-12,5.48,5.0,4.58,4.16
2024-03-13,5.48,5.01,4.61,4.19
2024-03-14,5.48,5.04,4.68,4.29
2024-03-15,5.48,5.05,4.72,4.31
2024-03-18,5.48,5.06,4.73,4.34
2024-03-19,5.48,5.06,4.68,4.3
2024-03-20,5.47,5.01,4.59,4.27
2024-03-21,5.48,5.01,4.62,4.27
2024-03-22,5.46,4.98,4.59,4.22
2024-03-25,5.46,5.0,4.54,4.25
2024-03-26,5.46,5.0,4.56,4.24
2024-03-27,5.45,4.99,4.54,4.2
2024-03-28,5.46,5.03,4.59,4.2
2024-03-29,,,,
2024-04-01,5.44,5.06,4.72,4.33
2024-04-02,5.42,5.05,4.7,4.36
2024-04-03,5.42,5.03,4.68,4.36
2024-04-04,5.41,5.0,4.65,4.31
2024-04-05,5.43,5.05,4.73,4.39
2024-04-08,5.43,5.07,4.78,4.42
2024-04-09,5.43,5.03,4.74,4.36
2024-04-10,5.45,5.19,4.97,4.55
2024-04-11,5.45,5.17,4.93,4.56
2024-04-12,5.45,5.13,4.88,4.5
2024-04-15,5.45,5.16,4.93,4.63
2024-04-16,5.45,5.18,4.97,4.67
2024-04-17,5.45,5.16,4.93,4.59
2024-04-18,5.46,5.18,4.98,4.64
2024-04-19,5.45,5.17,4.97,4.62
2024-04-22,5.42,5.16,4.97,4.62
2024-04-23,5.45,5.14,4.86,4.61
2024-04-24,5.46,5.17,4.89,4.65
2024-04-25,5.47,5.21,4.96,4.7
2024-04-26,5.46,5.21,4.96,4.67
2024-04-29,5.45,5.2,4.97,4.63
2024-04-30,5.46,5.25,5.04,4.69
2024-05-01,5.46,5.21,4.96,4.63
2024-05-02,5.46,5.16,4.87,4.58
2024-05-03,5.45,5.12,4.81,4.5
2024-05-06,5.45,5.12,4.82,4.49
2024-05-07,5.45,5.13,4.82,4.47
2024-05-08,5.45,5.13,4.84,4.48
2024-05-09,5.46,5.12,4.8,4.45
2024-05-10,5.47,5.17,4.87,4.5
2024-05-13,5.45,5.16,4.85,4.48
2024-05-14,5.44,5.16,4.81,4.45
2024-05-15,5.45,5.1,4.73,4.36
2024-05-16,5.45,5.13,4.78,4.38
2024-05-17,5.46,5.14,4.83,4.42
2024-05-20,5.45,5.15,4.82,4.44
2024-05-21,5.45,5.14,4.82,4.41
2024-05-22,5.45,5.16,4.86,4.43
2024-05-23,5.46,5.2,4.91,4.47
2024-05-24,5.46,5.21,4.93,4.46
2024-05-27,,,,
2024-05-28,5.46,5.21,4.94,4.54
2024-05-29,5.46,5.22,4.96,4.61
2024-05-30,5.46,5.19,4.92,4.55
2024-05-31,5.46,5.18,4.89,4.51
2024-06-03,5.52,5.14,4.82,4.41
2024-06-04,5.52,5.11,4.77,4.33
2024-06-05,5.51,5.08,4.72,4.29
2024-06-06,5.51,5.08,4.72,4.28
2024-06-07,5.52,5.17,4.87,4.43
2024-06-10,5.52,5.16,4.87,4.47
2024-06-11,5.52,5.17,4.81,4.39
2024-06-12,5.51,5.13,4.75,4.31
2024-06-13,5.51,5.07,4.68,4.24
2024-06-14,5.51,5.07,4.67,4.2
2024-06-17,5.52,5.11,4.75,4.28
2024-06-18,5.5,5.09,4.69,4.22
2024-06-19,,,,
2024-06-20,5.5,5.1,4.7,4.25
2024-06-21,5.49,5.1,4.7,4.25
2024-06-24,5.5,5.1,4.71,4.25
2024-06-25,5.49,5.1,4.65,4.23
2024-06-26,5.5,5.13,4.71,4.32
2024-06-27,5.49,5.1,4.7,4.29
2024-06-28,5.48,5.09,4.71,4.36
2024-07-01,5.47,5.1,4.77,4.48
2024-07-02,5.47,5.07,4.74,4.43
2024-07-03,5.47,5.04,4.71,4.36
2024-07-04,,,,
2024-07-05,5.46,4.98,4.6,4.28
2024-07-08,5.46,4.99,4.62,4.28
2024-07-09,5.46,5.02,4.62,4.3
2024-07-10,5.46,5.01,4.62,4.28
2024-07-11,5.44,4.91,4.5,4.2
2024-07-12,5.43,4.87,4.45,4.18
2024-07-15,5.43,4.85,4.44,4.23
2024-07-16,5.43,4.85,4.43,4.17
2024-07-17,5.43,4.85,4.42,4.16
2024-07-18,5.43,4.86,4.46,4.2
2024-07-19,5.43,4.87,4.49,4.25
2024-07-22,5.43,4.88,4.5,4.26
2024-07-23,5.41,4.85,4.4,4.25
2024-07-24,5.4,4.82,4.37,4.28
2024-07-25,5.39,4.83,4.41,4.27
2024-07-26,5.38,4.79,4.36,4.2
2024-07-29,5.41,4.79,4.36,4.17
2024-07-30,5.4,4.78,4.35,4.15
2024-07-31,5.41,4.73,4.29,4.09
2024-08-01,5.37,4.62,4.16,3.99
2024-08-02,5.29,4.33,3.88,3.8
2024-08-05,5.35,4.34,3.89,3.78
2024-08-06,5.34,4.46,3.99,3.9
2024-08-07,5.34,4.45,4.0,3.96
2024-08-08,5.34,4.48,4.04,3.99
2024-08-09,5.33,4.5,4.05,3.94
2024-08-12,5.33,4.47,4.01,3.9
2024-08-13,5.32,4.4,3.93,3.85
2024-08-14,5.32,4.42,3.94,3.83
2024-08-15,5.34,4.52,4.08,3.92
2024-08-16,5.33,4.49,4.06,3.89
2024-08-19,5.31,4.48,4.06,3.86
2024-08-20,5.29,4.43,3.99,3.82
2024-08-21,5.26,4.36,3.92,3.79
2024-08-22,5.28,4.43,3.99,3.86
2024-08-23,5.25,4.36,3.9,3.81
2024-08-26,5.24,4.38,3.91,3.82
2024-08-27,5.23,4.34,3.83,3.83
2024-08-28,5.21,4.36,3.83,3.84
2024-08-29,5.22,4.38,3.87,3.87
2024-08-30,5.21,4.38,3.91,3.91
2024-09-02,,,,
2024-09-03,5.19,4.35,3.88,3.84
2024-09-04,5.18,4.23,3.76,3.77
2024-09-05,5.15,4.21,3.75,3.73
2024-09-06,5.13,4.1,3.66,3.72
2024-09-09,5.11,4.12,3.68,3.7
2024-09-10,5.06,4.07,3.59,3.65
2024-09-11,5.1,4.12,3.62,3.65
2024-09-12,5.06,4.09,3.64,3.68
2024-09-13,4.97,4.0,3.57,3.66
2024-09-16,4.96,3.96,3.56,3.63
2024-09-17,4.95,3.99,3.59,3.65
2024-09-18,4.84,3.95,3.61,3.7
2024-09-19,4.8,3.93,3.59,3.73
2024-09-20,4.75,3.92,3.55,3.73
2024-09-23,4.72,3.91,3.57,3.75
2024-09-24,4.69,3.88,3.49,3.74
2024-09-25,4.69,3.89,3.53,3.79
2024-09-26,4.68,3.96,3.6,3.79
2024-09-27,4.68,3.9,3.55,3.75
2024-09-30,4.73,3.98,3.66,3.81
2024-10-01,4.71,3.96,3.61,3.74
2024-10-02,4.69,3.97,3.63,3.79
2024-10-03,4.68,4.02,3.7,3.85
2024-10-04,4.73,4.2,3.93,3.98
2024-10-07,4.77,4.24,3.99,4.03
2024-10-08,4.75,4.21,3.98,4.04
2024-10-09,4.75,4.24,3.99,4.06
2024-10-10,4.75,4.22,3.98,4.09
2024-10-11,4.73,4.18,3.95,4.08
2024-10-14,,,,
2024-10-15,4.73,4.18,3.95,4.03
2024-10-16,4.72,4.17,3.93,4.02
2024-10-17,4.74,4.21,3.96,4.09
2024-10-18,4.73,4.19,3.95,4.08
2024-10-21,4.73,4.24,4.02,4.19
2024-10-22,4.72,4.24,4.03,4.2
2024-10-23,4.73,4.27,4.07,4.24
2024-10-24,4.7,4.25,4.07,4.21
2024-10-25,4.73,4.29,4.11,4.25
2024-10-28,4.7,4.28,4.12,4.28
2024-10-29,4.7,4.29,4.11,4.28
2024-10-30,4.67,4.28,4.15,4.29
2024-10-31,4.64,4.27,4.16,4.28
2024-11-01,4.61,4.28,4.21,4.37
2024-11-04,4.65,4.25,4.17,4.31
2024-11-05,4.64,4.27,4.19,4.26
2024-11-06,4.64,4.31,4.27,4.42
2024-11-07,4.63,4.28,4.21,4.31
2024-11-08,4.63,4.32,4.26,4.3
2024-11-11,,,,
2024-11-12,4.63,4.38,4.34,4.43
2024-11-13,4.6,4.31,4.27,4.44
2024-11-14,4.61,4.36,4.34,4.43
2024-11-15,4.6,4.34,4.31,4.43
2024-11-18,4.63,4.33,4.29,4.42
2024-11-19,4.62,4.34,4.27,4.39
2024-11-20,4.62,4.37,4.31,4.41
2024-11-21,4.63,4.39,4.34,4.43
2024-11-22,4.63,4.42,4.37,4.41
2024-11-25,4.62,4.37,4.21,4.27
2024-11-26,4.61,4.37,4.21,4.3
2024-11-27,4.6,4.34,4.19,4.25
2024-11-28,,,,
2024-11-29,4.58,4.3,4.13,4.18
2024-12-02,4.51,4.3,4.17,4.19
2024-12-03,4.49,4.27,4.17,4.23
2024-12-04,4.47,4.23,4.13,4.19
2024-12-05,4.46,4.23,4.15,4.17
2024-12-06,4.42,4.19,4.1,4.15
2024-12-09,4.42,4.2,4.13,4.2
2024-12-10,4.41,4.22,4.15,4.22
2024-12-11,4.38,4.21,4.15,4.26
2024-12-12,4.35,4.22,4.18,4.32
2024-12-13,4.34,4.24,4.25,4.4
2024-12-16,4.37,4.24,4.25,4.39
2024-12-17,4.38,4.25,4.25,4.4
2024-12-18,4.36,4.3,4.35,4.5
2024-12-19,4.35,4.28,4.32,4.57
2024-12-20,4.34,4.27,4.3,4.52
2024-12-23,4.36,4.26,4.3,4.59
2024-12-24,4.4,4.24,4.29,4.59
2024-12-25,,,,
2024-12-26,4.35,4.23,4.3,4.58
2024-12-27,4.31,4.2,4.31,4.62
2024-12-30,4.37,4.17,4.24,4.55
2024-12-31,4.37,4.16,4.25,4.58
